Question ID,Question Text,All,44+,55+,Africa,Asia,Caribbean,Central America,Central Asia,Eastern Africa,Eastern Asia,Eastern Europe,Europe,Middle Africa,North America,Norther Europe,Northern Africa,Northern America,O1: Arabic,O1: Chinese (China),O1: English,O1: French,O1: Hindi,O1: Portuguese (Portugal),O1: Russian,O1: Spanish,O2: &lt;18,O2: 18-25,O2: 26-35,O2: 36-45,O2: 46-55,O2: 56-65,O2: 65+,O3: Female,O3: Male,O3: Non-binary,O3: Other / prefer not to say,O4: Rural,O4: Suburban,O4: Urban,O5: Equally concerned and excited,O5: More concerned than excited,O5: More excited than concerned,O6: Buddhism,O6: Christianity,O6: Hinduism,O6: I do not identify with any religious group or faith,O6: Islam,O6: Judaism,O6: Other religious group,O6: Sikhism,O7: Afghanistan,O7: Albania,O7: Algeria,O7: Andorra,O7: Angola,O7: Antigua & Deps,O7: Argentina,O7: Armenia,O7: Australia,O7: Austria,O7: Azerbaijan,O7: Bahamas,O7: Bahrain,O7: Bangladesh,O7: Barbados,O7: Belarus,O7: Belgium,O7: Belize,O7: Benin,O7: Bhutan,O7: Bolivia,O7: Bosnia Herzegovina,O7: Botswana,O7: Brazil,O7: Brunei,O7: Bulgaria,O7: Burkina,O7: Burundi,O7: Cambodia,O7: Cameroon,O7: Canada,O7: Cape Verde,O7: Central African Rep,O7: Chad,O7: Chile,O7: China,O7: Colombia,O7: Comoros,O7: Congo,O7: Congo {Democratic Rep},O7: Costa Rica,O7: Croatia,O7: Cuba,O7: Cyprus,O7: Czech Republic,O7: Denmark,O7: Djibouti,O7: Dominica,O7: Dominican Republic,O7: East Timor,O7: Ecuador,O7: Egypt,O7: El Salvador,O7: Equatorial Guinea,O7: Eritrea,O7: Estonia,O7: Ethiopia,O7: Fiji,O7: Finland,O7: France,O7: Gabon,O7: Gambia,O7: Georgia,O7: Germany,O7: Ghana,O7: Greece,O7: Grenada,O7: Guatemala,O7: Guinea,O7: Guinea-Bissau,O7: Guyana,O7: Haiti,O7: Honduras,O7: Hungary,O7: Iceland,O7: India,O7: Indonesia,O7: Iran,O7: Iraq,O7: Ireland {Republic},O7: Israel,O7: Italy,O7: Ivory Coast,O7: Jamaica,O7: Japan,O7: Jordan,O7: Kazakhstan,O7: Kenya,O7: Kiribati,O7: Korea North,O7: Korea South,O7: Kosovo,O7: Kuwait,O7: Kyrgyzstan,O7: Laos,O7: Latvia,O7: Lebanon,O7: Lesotho,O7: Liberia,O7: Libya,O7: Liechtenstein,O7: Lithuania,O7: Luxembourg,O7: Macedonia,O7: Madagascar,O7: Malawi,O7: Malaysia,O7: Maldives,O7: Mali,O7: Malta,O7: Marshall Islands,O7: Mauritania,O7: Mauritius,O7: Mexico,O7: Micronesia,O7: Moldova,O7: Monaco,O7: Mongolia,O7: Montenegro,O7: Morocco,O7: Mozambique,"O7: Myanmar, {Burma}",O7: Namibia,O7: Nauru,O7: Nepal,O7: Netherlands,O7: New Zealand,O7: Nicaragua,O7: Niger,O7: Nigeria,O7: Norway,O7: Oman,O7: Pakistan,O7: Palau,O7: Palestine,O7: Panama,O7: Papua New Guinea,O7: Paraguay,O7: Peru,O7: Philippines,O7: Poland,O7: Portugal,O7: Qatar,O7: Romania,O7: Russian Federation,O7: Rwanda,O7: Saint Vincent & the Grenadines,O7: Samoa,O7: San Marino,O7: Sao Tome & Principe,O7: Saudi Arabia,O7: Senegal,O7: Serbia,O7: Seychelles,O7: Sierra Leone,O7: Singapore,O7: Slovakia,O7: Slovenia,O7: Solomon Islands,O7: Somalia,O7: South Africa,O7: South Sudan,O7: Spain,O7: Sri Lanka,O7: St Kitts & Nevis,O7: St Lucia,O7: Sudan,O7: Suriname,O7: Swaziland,O7: Sweden,O7: Switzerland,O7: Syria,O7: Taiwan,O7: Tajikistan,O7: Tanzania,O7: Thailand,O7: Togo,O7: Tonga,O7: Trinidad & Tobago,O7: Tunisia,O7: Turkmenistan,O7: Tuvalu,O7: Türkiye,O7: Uganda,O7: Ukraine,O7: United Arab Emirates,O7: United Kingdom,O7: United States,O7: Uruguay,O7: Uzbekistan,O7: Vanuatu,O7: Vatican City,O7: Venezuela,O7: Vietnam,O7: Yemen,O7: Zambia,O7: Zimbabwe,Oceania,South America,South Eastern Asia,Souther Asia,Southern Africa,Southern Europe,Western Africa,Western Asia,Western Europe
97101884-3bc5-4d18-851b-d3f796755816,Please select your preferred language:,986,114,29,193,484,2,17,16,151,107,34,130,0,97,36,34,78,18,91,742,14,5,25,27,64,0,288,400,184,85,21,8,483,488,8,7,88,245,653,539,113,334,33,327,134,282,165,21,20,4,0,0,6,0,0,0,1,1,10,2,0,0,0,16,0,0,3,0,0,0,0,0,0,30,0,0,0,0,0,0,26,0,0,0,38,70,0,0,0,0,0,1,1,0,0,2,0,0,0,0,0,12,0,0,0,0,0,0,3,13,0,0,0,11,0,1,0,0,0,0,0,0,0,4,1,183,40,0,0,1,29,9,0,0,22,0,16,143,0,0,15,0,0,0,0,0,0,0,0,1,0,0,0,0,0,7,13,0,0,0,0,0,0,16,0,0,0,0,0,13,0,0,0,0,0,5,2,0,0,0,1,0,24,0,1,1,0,0,0,19,8,2,0,1,9,0,1,0,0,0,4,0,0,0,0,8,10,0,0,0,8,0,11,0,0,0,1,0,0,3,2,0,0,0,0,0,0,0,0,1,0,0,10,0,2,2,25,52,0,0,0,0,0,12,0,0,1,12,69,92,223,8,24,0,47,36
918988f3-ca24-411b-8091-0bb524e8cd40,How old are you?,986,114,29,193,484,2,17,16,151,107,34,130,0,97,36,34,78,18,91,742,14,5,25,27,64,0,288,400,184,85,21,8,483,488,8,7,88,245,653,539,113,334,33,327,134,282,165,21,20,4,0,0,6,0,0,0,1,1,10,2,0,0,0,16,0,0,3,0,0,0,0,0,0,30,0,0,0,0,0,0,26,0,0,0,38,70,0,0,0,0,0,1,1,0,0,2,0,0,0,0,0,12,0,0,0,0,0,0,3,13,0,0,0,11,0,1,0,0,0,0,0,0,0,4,1,183,40,0,0,1,29,9,0,0,22,0,16,143,0,0,15,0,0,0,0,0,0,0,0,1,0,0,0,0,0,7,13,0,0,0,0,0,0,16,0,0,0,0,0,13,0,0,0,0,0,5,2,0,0,0,1,0,24,0,1,1,0,0,0,19,8,2,0,1,9,0,1,0,0,0,4,0,0,0,0,8,10,0,0,0,8,0,11,0,0,0,1,0,0,3,2,0,0,0,0,0,0,0,0,1,0,0,10,0,2,2,25,52,0,0,0,0,0,12,0,0,1,12,69,92,223,8,24,0,47,36
7bd1c2d3-fe51-4d20-947b-7e258cf27ded,What is your gender?,986,114,29,193,484,2,17,16,151,107,34,130,0,97,36,34,78,18,91,742,14,5,25,27,64,0,288,400,184,85,21,8,483,488,8,7,88,245,653,539,113,334,33,327,134,282,165,21,20,4,0,0,6,0,0,0,1,1,10,2,0,0,0,16,0,0,3,0,0,0,0,0,0,30,0,0,0,0,0,0,26,0,0,0,38,70,0,0,0,0,0,1,1,0,0,2,0,0,0,0,0,12,0,0,0,0,0,0,3,13,0,0,0,11,0,1,0,0,0,0,0,0,0,4,1,183,40,0,0,1,29,9,0,0,22,0,16,143,0,0,15,0,0,0,0,0,0,0,0,1,0,0,0,0,0,7,13,0,0,0,0,0,0,16,0,0,0,0,0,13,0,0,0,0,0,5,2,0,0,0,1,0,24,0,1,1,0,0,0,19,8,2,0,1,9,0,1,0,0,0,4,0,0,0,0,8,10,0,0,0,8,0,11,0,0,0,1,0,0,3,2,0,0,0,0,0,0,0,0,1,0,0,10,0,2,2,25,52,0,0,0,0,0,12,0,0,1,12,69,92,223,8,24,0,47,36
98682df5-bd78-40fb-afbb-676d369b74f1,What best describes where you live?,986,114,29,193,484,2,17,16,151,107,34,130,0,97,36,34,78,18,91,742,14,5,25,27,64,0,288,400,184,85,21,8,483,488,8,7,88,245,653,539,113,334,33,327,134,282,165,21,20,4,0,0,6,0,0,0,1,1,10,2,0,0,0,16,0,0,3,0,0,0,0,0,0,30,0,0,0,0,0,0,26,0,0,0,38,70,0,0,0,0,0,1,1,0,0,2,0,0,0,0,0,12,0,0,0,0,0,0,3,13,0,0,0,11,0,1,0,0,0,0,0,0,0,4,1,183,40,0,0,1,29,9,0,0,22,0,16,143,0,0,15,0,0,0,0,0,0,0,0,1,0,0,0,0,0,7,13,0,0,0,0,0,0,16,0,0,0,0,0,13,0,0,0,0,0,5,2,0,0,0,1,0,24,0,1,1,0,0,0,19,8,2,0,1,9,0,1,0,0,0,4,0,0,0,0,8,10,0,0,0,8,0,11,0,0,0,1,0,0,3,2,0,0,0,0,0,0,0,0,1,0,0,10,0,2,2,25,52,0,0,0,0,0,12,0,0,1,12,69,92,223,8,24,0,47,36
f932063f-700c-4327-9c34-59b7c3e19190,"Overall, would you say the increased use of artificial intelligence (AI) in daily life makes you feel…",986,114,29,193,484,2,17,16,151,107,34,130,0,97,36,34,78,18,91,742,14,5,25,27,64,0,288,400,184,85,21,8,483,488,8,7,88,245,653,539,113,334,33,327,134,282,165,21,20,4,0,0,6,0,0,0,1,1,10,2,0,0,0,16,0,0,3,0,0,0,0,0,0,30,0,0,0,0,0,0,26,0,0,0,38,70,0,0,0,0,0,1,1,0,0,2,0,0,0,0,0,12,0,0,0,0,0,0,3,13,0,0,0,11,0,1,0,0,0,0,0,0,0,4,1,183,40,0,0,1,29,9,0,0,22,0,16,143,0,0,15,0,0,0,0,0,0,0,0,1,0,0,0,0,0,7,13,0,0,0,0,0,0,16,0,0,0,0,0,13,0,0,0,0,0,5,2,0,0,0,1,0,24,0,1,1,0,0,0,19,8,2,0,1,9,0,1,0,0,0,4,0,0,0,0,8,10,0,0,0,8,0,11,0,0,0,1,0,0,3,2,0,0,0,0,0,0,0,0,1,0,0,10,0,2,2,25,52,0,0,0,0,0,12,0,0,1,12,69,92,223,8,24,0,47,36
1e2ffbb1-1f04-486f-849d-dceb22eb6df6,What religious group or faith do you most identify with?,986,114,29,193,484,2,17,16,151,107,34,130,0,97,36,34,78,18,91,742,14,5,25,27,64,0,288,400,184,85,21,8,483,488,8,7,88,245,653,539,113,334,33,327,134,282,165,21,20,4,0,0,6,0,0,0,1,1,10,2,0,0,0,16,0,0,3,0,0,0,0,0,0,30,0,0,0,0,0,0,26,0,0,0,38,70,0,0,0,0,0,1,1,0,0,2,0,0,0,0,0,12,0,0,0,0,0,0,3,13,0,0,0,11,0,1,0,0,0,0,0,0,0,4,1,183,40,0,0,1,29,9,0,0,22,0,16,143,0,0,15,0,0,0,0,0,0,0,0,1,0,0,0,0,0,7,13,0,0,0,0,0,0,16,0,0,0,0,0,13,0,0,0,0,0,5,2,0,0,0,1,0,24,0,1,1,0,0,0,19,8,2,0,1,9,0,1,0,0,0,4,0,0,0,0,8,10,0,0,0,8,0,11,0,0,0,1,0,0,3,2,0,0,0,0,0,0,0,0,1,0,0,10,0,2,2,25,52,0,0,0,0,0,12,0,0,1,12,69,92,223,8,24,0,47,36
074a34ab-92f8-4c30-bac0-59c9850802cb,What country or region do you most identify with?,986,114,29,193,484,2,17,16,151,107,34,130,0,97,36,34,78,18,91,742,14,5,25,27,64,0,288,400,184,85,21,8,483,488,8,7,88,245,653,539,113,334,33,327,134,282,165,21,20,4,0,0,6,0,0,0,1,1,10,2,0,0,0,16,0,0,3,0,0,0,0,0,0,30,0,0,0,0,0,0,26,0,0,0,38,70,0,0,0,0,0,1,1,0,0,2,0,0,0,0,0,12,0,0,0,0,0,0,3,13,0,0,0,11,0,1,0,0,0,0,0,0,0,4,1,183,40,0,0,1,29,9,0,0,22,0,16,143,0,0,15,0,0,0,0,0,0,0,0,1,0,0,0,0,0,7,13,0,0,0,0,0,0,16,0,0,0,0,0,13,0,0,0,0,0,5,2,0,0,0,1,0,24,0,1,1,0,0,0,19,8,2,0,1,9,0,1,0,0,0,4,0,0,0,0,8,10,0,0,0,8,0,11,0,0,0,1,0,0,3,2,0,0,0,0,0,0,0,0,1,0,0,10,0,2,2,25,52,0,0,0,0,0,12,0,0,1,12,69,92,223,8,24,0,47,36
ae768935-002f-49e2-b08f-92c7616b0533,"Thinking about the last three months, how often, if at all, have you noticed AI systems in your daily life?",981,114,29,193,482,2,17,16,151,107,32,127,0,97,35,34,78,18,91,738,13,5,25,27,64,0,288,397,182,85,21,8,482,484,8,7,88,244,649,534,113,334,33,326,132,281,164,21,20,4,0,0,6,0,0,0,1,1,10,2,0,0,0,16,0,0,3,0,0,0,0,0,0,30,0,0,0,0,0,0,26,0,0,0,38,70,0,0,0,0,0,1,1,0,0,2,0,0,0,0,0,12,0,0,0,0,0,0,3,13,0,0,0,11,0,1,0,0,0,0,0,0,0,4,1,181,40,0,0,1,29,9,0,0,22,0,16,143,0,0,15,0,0,0,0,0,0,0,0,1,0,0,0,0,0,7,13,0,0,0,0,0,0,16,0,0,0,0,0,13,0,0,0,0,0,5,2,0,0,0,1,0,24,0,1,1,0,0,0,19,6,2,0,1,9,0,1,0,0,0,4,0,0,0,0,8,10,0,0,0,8,0,11,0,0,0,1,0,0,3,2,0,0,0,0,0,0,0,0,1,0,0,10,0,2,2,24,52,0,0,0,0,0,12,0,0,1,12,69,92,221,8,24,0,47,36
926a5461-6a68-43c9-8279-94430dc9323e,"Thinking about the last three months, how often, if at all, have you noticed human interactions which have been replaced with automated systems?",979,114,29,193,481,2,17,16,151,107,32,126,0,97,34,34,78,18,91,736,13,5,25,27,64,0,288,396,181,85,21,8,480,484,8,7,87,244,648,534,112,333,33,325,132,280,164,21,20,4,0,0,6,0,0,0,1,1,10,2,0,0,0,16,0,0,3,0,0,0,0,0,0,30,0,0,0,0,0,0,26,0,0,0,38,70,0,0,0,0,0,1,1,0,0,2,0,0,0,0,0,12,0,0,0,0,0,0,3,13,0,0,0,11,0,1,0,0,0,0,0,0,0,4,1,181,40,0,0,1,29,9,0,0,22,0,16,143,0,0,15,0,0,0,0,0,0,0,0,1,0,0,0,0,0,7,13,0,0,0,0,0,0,16,0,0,0,0,0,13,0,0,0,0,0,5,2,0,0,0,1,0,24,0,1,1,0,0,0,19,6,2,0,1,9,0,1,0,0,0,4,0,0,0,0,8,10,0,0,0,8,0,11,0,0,0,1,0,0,3,2,0,0,0,0,0,0,0,0,1,0,0,9,0,2,2,23,52,0,0,0,0,0,12,0,0,1,12,69,92,221,8,24,0,46,36
1ebc80e1-d3e2-4dc5-987c-e4d637cf6bec,"Thinking about the last three months, how often, if at all, have you been expected to use an AI system at work?",978,114,29,193,480,2,17,16,151,107,32,126,0,97,34,34,78,18,91,735,13,5,25,27,64,0,287,396,181,85,21,8,480,483,8,7,87,244,647,533,112,333,33,324,132,280,164,21,20,4,0,0,6,0,0,0,1,1,10,2,0,0,0,16,0,0,3,0,0,0,0,0,0,30,0,0,0,0,0,0,26,0,0,0,38,70,0,0,0,0,0,1,1,0,0,2,0,0,0,0,0,12,0,0,0,0,0,0,3,13,0,0,0,11,0,1,0,0,0,0,0,0,0,4,1,181,40,0,0,1,29,9,0,0,22,0,16,143,0,0,15,0,0,0,0,0,0,0,0,1,0,0,0,0,0,7,13,0,0,0,0,0,0,16,0,0,0,0,0,13,0,0,0,0,0,5,2,0,0,0,1,0,24,0,1,1,0,0,0,18,6,2,0,1,9,0,1,0,0,0,4,0,0,0,0,8,10,0,0,0,8,0,11,0,0,0,1,0,0,3,2,0,0,0,0,0,0,0,0,1,0,0,9,0,2,2,23,52,0,0,0,0,0,12,0,0,1,12,69,91,221,8,24,0,46,36
3c74ec68-77f6-46a5-9918-0c8e97fb7bc8,"Thinking about the last three months, how often, if at all, have you personally chosen to use an AI system at work?",977,113,28,193,480,2,17,16,151,107,32,126,0,96,34,34,77,18,91,734,13,5,25,27,64,0,287,396,181,85,21,7,479,483,8,7,87,243,647,533,111,333,33,323,132,280,164,21,20,4,0,0,6,0,0,0,1,1,10,2,0,0,0,16,0,0,3,0,0,0,0,0,0,30,0,0,0,0,0,0,25,0,0,0,38,70,0,0,0,0,0,1,1,0,0,2,0,0,0,0,0,12,0,0,0,0,0,0,3,13,0,0,0,11,0,1,0,0,0,0,0,0,0,4,1,181,40,0,0,1,29,9,0,0,22,0,16,143,0,0,15,0,0,0,0,0,0,0,0,1,0,0,0,0,0,7,13,0,0,0,0,0,0,16,0,0,0,0,0,13,0,0,0,0,0,5,2,0,0,0,1,0,24,0,1,1,0,0,0,18,6,2,0,1,9,0,1,0,0,0,4,0,0,0,0,8,10,0,0,0,8,0,11,0,0,0,1,0,0,3,2,0,0,0,0,0,0,0,0,1,0,0,9,0,2,2,23,52,0,0,0,0,0,12,0,0,1,12,69,91,221,8,24,0,46,36
47cdf76a-9abf-4b5c-abbe-2d5b00ef172d,"Thinking about the last three months, how often, if at all, have you personally chosen to use an AI system in your personal life?",977,113,28,193,480,2,17,16,151,107,32,126,0,96,34,34,77,18,91,734,13,5,25,27,64,0,287,396,181,85,21,7,479,483,8,7,87,243,647,533,111,333,33,323,132,280,164,21,20,4,0,0,6,0,0,0,1,1,10,2,0,0,0,16,0,0,3,0,0,0,0,0,0,30,0,0,0,0,0,0,25,0,0,0,38,70,0,0,0,0,0,1,1,0,0,2,0,0,0,0,0,12,0,0,0,0,0,0,3,13,0,0,0,11,0,1,0,0,0,0,0,0,0,4,1,181,40,0,0,1,29,9,0,0,22,0,16,143,0,0,15,0,0,0,0,0,0,0,0,1,0,0,0,0,0,7,13,0,0,0,0,0,0,16,0,0,0,0,0,13,0,0,0,0,0,5,2,0,0,0,1,0,24,0,1,1,0,0,0,18,6,2,0,1,9,0,1,0,0,0,4,0,0,0,0,8,10,0,0,0,8,0,11,0,0,0,1,0,0,3,2,0,0,0,0,0,0,0,0,1,0,0,9,0,2,2,23,52,0,0,0,0,0,12,0,0,1,12,69,91,221,8,24,0,46,36
d633720f-a159-4922-925c-fd9f3245711e,"Thinking about the last three months, how often, if at all, have you interacted with AI systems to get advice on a sensitive personal issue or to get emotional support?",977,113,28,193,480,2,17,16,151,107,32,126,0,96,34,34,77,18,91,734,13,5,25,27,64,0,287,396,181,85,21,7,479,483,8,7,87,243,647,533,111,333,33,323,132,280,164,21,20,4,0,0,6,0,0,0,1,1,10,2,0,0,0,16,0,0,3,0,0,0,0,0,0,30,0,0,0,0,0,0,25,0,0,0,38,70,0,0,0,0,0,1,1,0,0,2,0,0,0,0,0,12,0,0,0,0,0,0,3,13,0,0,0,11,0,1,0,0,0,0,0,0,0,4,1,181,40,0,0,1,29,9,0,0,22,0,16,143,0,0,15,0,0,0,0,0,0,0,0,1,0,0,0,0,0,7,13,0,0,0,0,0,0,16,0,0,0,0,0,13,0,0,0,0,0,5,2,0,0,0,1,0,24,0,1,1,0,0,0,18,6,2,0,1,9,0,1,0,0,0,4,0,0,0,0,8,10,0,0,0,8,0,11,0,0,0,1,0,0,3,2,0,0,0,0,0,0,0,0,1,0,0,9,0,2,2,23,52,0,0,0,0,0,12,0,0,1,12,69,91,221,8,24,0,46,36
8b361c6c-eb59-415b-8536-7f80713c3e5e,"Thinking about the last three months, how often, if at all, have you interacted with AI systems to complete an action in the real world on your behalf without your supervision?",976,113,28,193,479,2,17,16,151,107,32,126,0,96,34,34,77,18,91,733,13,5,25,27,64,0,286,396,181,85,21,7,479,482,8,7,87,242,647,533,110,333,33,323,132,280,163,21,20,4,0,0,6,0,0,0,1,1,10,2,0,0,0,16,0,0,3,0,0,0,0,0,0,30,0,0,0,0,0,0,25,0,0,0,38,70,0,0,0,0,0,1,1,0,0,2,0,0,0,0,0,12,0,0,0,0,0,0,3,13,0,0,0,11,0,1,0,0,0,0,0,0,0,4,1,181,40,0,0,1,29,9,0,0,22,0,16,143,0,0,15,0,0,0,0,0,0,0,0,1,0,0,0,0,0,7,13,0,0,0,0,0,0,16,0,0,0,0,0,13,0,0,0,0,0,5,2,0,0,0,1,0,23,0,1,1,0,0,0,18,6,2,0,1,9,0,1,0,0,0,4,0,0,0,0,8,10,0,0,0,8,0,11,0,0,0,1,0,0,3,2,0,0,0,0,0,0,0,0,1,0,0,9,0,2,2,23,52,0,0,0,0,0,12,0,0,1,12,69,91,220,8,24,0,46,36
91fcb570-ec08-458e-af99-d9df0650384a,"What has been the most noticeable change in your daily life, if any, as a result of AI in the past year?",968,113,28,192,475,2,17,16,151,106,31,125,0,95,34,33,76,18,91,726,13,5,25,27,63,0,282,394,179,85,21,7,476,477,8,7,86,239,643,529,109,330,33,321,130,278,162,20,20,4,0,0,6,0,0,0,1,1,9,2,0,0,0,16,0,0,3,0,0,0,0,0,0,30,0,0,0,0,0,0,25,0,0,0,38,69,0,0,0,0,0,1,1,0,0,2,0,0,0,0,0,12,0,0,0,0,0,0,3,13,0,0,0,11,0,1,0,0,0,0,0,0,0,4,1,179,40,0,0,1,28,9,0,0,22,0,16,143,0,0,15,0,0,0,0,0,0,0,0,1,0,0,0,0,0,7,13,0,0,0,0,0,0,16,0,0,0,0,0,12,0,0,0,0,0,5,2,0,0,0,1,0,23,0,1,1,0,0,0,18,6,2,0,1,9,0,1,0,0,0,4,0,0,0,0,8,9,0,0,0,8,0,11,0,0,0,1,0,0,3,2,0,0,0,0,0,0,0,0,1,0,0,9,0,2,2,23,51,0,0,0,0,0,12,0,0,1,11,69,91,218,8,24,0,45,36
d1baeb26-baca-414f-91f6-72b023c02a65,"Considering both potential benefits and risks, how do you assess the overall impact on society of messaging apps?",968,113,28,192,475,2,17,16,151,106,31,125,0,95,34,33,76,18,91,726,13,5,25,27,63,0,282,394,179,85,21,7,476,477,8,7,86,239,643,529,109,330,33,321,130,278,162,20,20,4,0,0,6,0,0,0,1,1,9,2,0,0,0,16,0,0,3,0,0,0,0,0,0,30,0,0,0,0,0,0,25,0,0,0,38,69,0,0,0,0,0,1,1,0,0,2,0,0,0,0,0,12,0,0,0,0,0,0,3,13,0,0,0,11,0,1,0,0,0,0,0,0,0,4,1,179,40,0,0,1,28,9,0,0,22,0,16,143,0,0,15,0,0,0,0,0,0,0,0,1,0,0,0,0,0,7,13,0,0,0,0,0,0,16,0,0,0,0,0,12,0,0,0,0,0,5,2,0,0,0,1,0,23,0,1,1,0,0,0,18,6,2,0,1,9,0,1,0,0,0,4,0,0,0,0,8,9,0,0,0,8,0,11,0,0,0,1,0,0,3,2,0,0,0,0,0,0,0,0,1,0,0,9,0,2,2,23,51,0,0,0,0,0,12,0,0,1,11,69,91,218,8,24,0,45,36
8c50a77a-3fc2-49ce-b568-b7832c9b99e0,"Considering both potential benefits and risks, how do you assess the overall impact on society of social media apps?",968,113,28,192,475,2,17,16,151,106,31,125,0,95,34,33,76,18,91,726,13,5,25,27,63,0,282,394,179,85,21,7,476,477,8,7,86,239,643,529,109,330,33,321,130,278,162,20,20,4,0,0,6,0,0,0,1,1,9,2,0,0,0,16,0,0,3,0,0,0,0,0,0,30,0,0,0,0,0,0,25,0,0,0,38,69,0,0,0,0,0,1,1,0,0,2,0,0,0,0,0,12,0,0,0,0,0,0,3,13,0,0,0,11,0,1,0,0,0,0,0,0,0,4,1,179,40,0,0,1,28,9,0,0,22,0,16,143,0,0,15,0,0,0,0,0,0,0,0,1,0,0,0,0,0,7,13,0,0,0,0,0,0,16,0,0,0,0,0,12,0,0,0,0,0,5,2,0,0,0,1,0,23,0,1,1,0,0,0,18,6,2,0,1,9,0,1,0,0,0,4,0,0,0,0,8,9,0,0,0,8,0,11,0,0,0,1,0,0,3,2,0,0,0,0,0,0,0,0,1,0,0,9,0,2,2,23,51,0,0,0,0,0,12,0,0,1,11,69,91,218,8,24,0,45,36
30324a2e-b5b2-4e0a-a8f2-af599b55c40e,"Considering both potential benefits and risks, how do you assess the overall impact on society of AI chatbots?",968,113,28,192,475,2,17,16,151,106,31,125,0,95,34,33,76,18,91,726,13,5,25,27,63,0,282,394,179,85,21,7,476,477,8,7,86,239,643,529,109,330,33,321,130,278,162,20,20,4,0,0,6,0,0,0,1,1,9,2,0,0,0,16,0,0,3,0,0,0,0,0,0,30,0,0,0,0,0,0,25,0,0,0,38,69,0,0,0,0,0,1,1,0,0,2,0,0,0,0,0,12,0,0,0,0,0,0,3,13,0,0,0,11,0,1,0,0,0,0,0,0,0,4,1,179,40,0,0,1,28,9,0,0,22,0,16,143,0,0,15,0,0,0,0,0,0,0,0,1,0,0,0,0,0,7,13,0,0,0,0,0,0,16,0,0,0,0,0,12,0,0,0,0,0,5,2,0,0,0,1,0,23,0,1,1,0,0,0,18,6,2,0,1,9,0,1,0,0,0,4,0,0,0,0,8,9,0,0,0,8,0,11,0,0,0,1,0,0,3,2,0,0,0,0,0,0,0,0,1,0,0,9,0,2,2,23,51,0,0,0,0,0,12,0,0,1,11,69,91,218,8,24,0,45,36
4f234e17-2d57-4709-b29a-4a2909683566,"Considering both potential benefits and risks, how do you assess the overall impact on society of AI systems that can perform tasks in the real world without human supervision?",967,113,28,192,474,2,17,16,151,105,31,125,0,95,34,33,76,18,91,725,13,5,25,27,63,0,282,393,179,85,21,7,475,477,8,7,86,238,643,528,109,330,32,321,130,278,162,20,20,4,0,0,6,0,0,0,1,1,9,2,0,0,0,16,0,0,3,0,0,0,0,0,0,30,0,0,0,0,0,0,25,0,0,0,38,69,0,0,0,0,0,1,1,0,0,2,0,0,0,0,0,12,0,0,0,0,0,0,3,13,0,0,0,11,0,1,0,0,0,0,0,0,0,4,1,179,40,0,0,1,28,9,0,0,22,0,16,143,0,0,14,0,0,0,0,0,0,0,0,1,0,0,0,0,0,7,13,0,0,0,0,0,0,16,0,0,0,0,0,12,0,0,0,0,0,5,2,0,0,0,1,0,23,0,1,1,0,0,0,18,6,2,0,1,9,0,1,0,0,0,4,0,0,0,0,8,9,0,0,0,8,0,11,0,0,0,1,0,0,3,2,0,0,0,0,0,0,0,0,1,0,0,9,0,2,2,23,51,0,0,0,0,0,12,0,0,1,11,69,91,218,8,24,0,45,36
96ccfd7b-8f99-4d0a-b700-9fd835e23bd8,"Considering both potential benefits and risks, how do you assess the overall impact on society of AI systems that can outperform humans on most economically valuable work?",967,113,28,192,474,2,17,16,151,105,31,125,0,95,34,33,76,18,91,725,13,5,25,27,63,0,282,393,179,85,21,7,475,477,8,7,86,238,643,528,109,330,32,321,130,278,162,20,20,4,0,0,6,0,0,0,1,1,9,2,0,0,0,16,0,0,3,0,0,0,0,0,0,30,0,0,0,0,0,0,25,0,0,0,38,69,0,0,0,0,0,1,1,0,0,2,0,0,0,0,0,12,0,0,0,0,0,0,3,13,0,0,0,11,0,1,0,0,0,0,0,0,0,4,1,179,40,0,0,1,28,9,0,0,22,0,16,143,0,0,14,0,0,0,0,0,0,0,0,1,0,0,0,0,0,7,13,0,0,0,0,0,0,16,0,0,0,0,0,12,0,0,0,0,0,5,2,0,0,0,1,0,23,0,1,1,0,0,0,18,6,2,0,1,9,0,1,0,0,0,4,0,0,0,0,8,9,0,0,0,8,0,11,0,0,0,1,0,0,3,2,0,0,0,0,0,0,0,0,1,0,0,9,0,2,2,23,51,0,0,0,0,0,12,0,0,1,11,69,91,218,8,24,0,45,36
b1869877-1015-43ec-9645-84bf2db39c6f,"To what extent, if at all, do you generally trust governments to do what is right?",967,113,28,192,474,2,17,16,151,105,31,125,0,95,34,33,76,18,91,725,13,5,25,27,63,0,282,393,179,85,21,7,475,477,8,7,86,238,643,528,109,330,32,321,130,278,162,20,20,4,0,0,6,0,0,0,1,1,9,2,0,0,0,16,0,0,3,0,0,0,0,0,0,30,0,0,0,0,0,0,25,0,0,0,38,69,0,0,0,0,0,1,1,0,0,2,0,0,0,0,0,12,0,0,0,0,0,0,3,13,0,0,0,11,0,1,0,0,0,0,0,0,0,4,1,179,40,0,0,1,28,9,0,0,22,0,16,143,0,0,14,0,0,0,0,0,0,0,0,1,0,0,0,0,0,7,13,0,0,0,0,0,0,16,0,0,0,0,0,12,0,0,0,0,0,5,2,0,0,0,1,0,23,0,1,1,0,0,0,18,6,2,0,1,9,0,1,0,0,0,4,0,0,0,0,8,9,0,0,0,8,0,11,0,0,0,1,0,0,3,2,0,0,0,0,0,0,0,0,1,0,0,9,0,2,2,23,51,0,0,0,0,0,12,0,0,1,11,69,91,218,8,24,0,45,36
dc5e8d2a-c20b-47fa-89e2-b4db635a8ad4,"To what extent, if at all, do you generally trust small businesses to do what is right?",967,113,28,192,474,2,17,16,151,105,31,125,0,95,34,33,76,18,91,725,13,5,25,27,63,0,282,393,179,85,21,7,475,477,8,7,86,238,643,528,109,330,32,321,130,278,162,20,20,4,0,0,6,0,0,0,1,1,9,2,0,0,0,16,0,0,3,0,0,0,0,0,0,30,0,0,0,0,0,0,25,0,0,0,38,69,0,0,0,0,0,1,1,0,0,2,0,0,0,0,0,12,0,0,0,0,0,0,3,13,0,0,0,11,0,1,0,0,0,0,0,0,0,4,1,179,40,0,0,1,28,9,0,0,22,0,16,143,0,0,14,0,0,0,0,0,0,0,0,1,0,0,0,0,0,7,13,0,0,0,0,0,0,16,0,0,0,0,0,12,0,0,0,0,0,5,2,0,0,0,1,0,23,0,1,1,0,0,0,18,6,2,0,1,9,0,1,0,0,0,4,0,0,0,0,8,9,0,0,0,8,0,11,0,0,0,1,0,0,3,2,0,0,0,0,0,0,0,0,1,0,0,9,0,2,2,23,51,0,0,0,0,0,12,0,0,1,11,69,91,218,8,24,0,45,36
8ed2d795-acca-47d8-abb0-8c446310dbf0,"To what extent, if at all, do you generally trust large corporations to do what is right?",967,113,28,192,474,2,17,16,151,105,31,125,0,95,34,33,76,18,91,725,13,5,25,27,63,0,282,393,179,85,21,7,475,477,8,7,86,238,643,528,109,330,32,321,130,278,162,20,20,4,0,0,6,0,0,0,1,1,9,2,0,0,0,16,0,0,3,0,0,0,0,0,0,30,0,0,0,0,0,0,25,0,0,0,38,69,0,0,0,0,0,1,1,0,0,2,0,0,0,0,0,12,0,0,0,0,0,0,3,13,0,0,0,11,0,1,0,0,0,0,0,0,0,4,1,179,40,0,0,1,28,9,0,0,22,0,16,143,0,0,14,0,0,0,0,0,0,0,0,1,0,0,0,0,0,7,13,0,0,0,0,0,0,16,0,0,0,0,0,12,0,0,0,0,0,5,2,0,0,0,1,0,23,0,1,1,0,0,0,18,6,2,0,1,9,0,1,0,0,0,4,0,0,0,0,8,9,0,0,0,8,0,11,0,0,0,1,0,0,3,2,0,0,0,0,0,0,0,0,1,0,0,9,0,2,2,23,51,0,0,0,0,0,12,0,0,1,11,69,91,218,8,24,0,45,36
4c5ed164-eb69-4e41-906f-1e7a93f1d5bd,"To what extent, if at all, do you generally trust social media companies to do what is right?",967,113,28,192,474,2,17,16,151,105,31,125,0,95,34,33,76,18,91,725,13,5,25,27,63,0,282,393,179,85,21,7,475,477,8,7,86,238,643,528,109,330,32,321,130,278,162,20,20,4,0,0,6,0,0,0,1,1,9,2,0,0,0,16,0,0,3,0,0,0,0,0,0,30,0,0,0,0,0,0,25,0,0,0,38,69,0,0,0,0,0,1,1,0,0,2,0,0,0,0,0,12,0,0,0,0,0,0,3,13,0,0,0,11,0,1,0,0,0,0,0,0,0,4,1,179,40,0,0,1,28,9,0,0,22,0,16,143,0,0,14,0,0,0,0,0,0,0,0,1,0,0,0,0,0,7,13,0,0,0,0,0,0,16,0,0,0,0,0,12,0,0,0,0,0,5,2,0,0,0,1,0,23,0,1,1,0,0,0,18,6,2,0,1,9,0,1,0,0,0,4,0,0,0,0,8,9,0,0,0,8,0,11,0,0,0,1,0,0,3,2,0,0,0,0,0,0,0,0,1,0,0,9,0,2,2,23,51,0,0,0,0,0,12,0,0,1,11,69,91,218,8,24,0,45,36
8d058cce-8ccf-4816-8ef7-c9c9e37038dc,"To what extent, if at all, do you generally trust companies building AI to do what is right?",967,113,28,192,474,2,17,16,151,105,31,125,0,95,34,33,76,18,91,725,13,5,25,27,63,0,282,393,179,85,21,7,475,477,8,7,86,238,643,528,109,330,32,321,130,278,162,20,20,4,0,0,6,0,0,0,1,1,9,2,0,0,0,16,0,0,3,0,0,0,0,0,0,30,0,0,0,0,0,0,25,0,0,0,38,69,0,0,0,0,0,1,1,0,0,2,0,0,0,0,0,12,0,0,0,0,0,0,3,13,0,0,0,11,0,1,0,0,0,0,0,0,0,4,1,179,40,0,0,1,28,9,0,0,22,0,16,143,0,0,14,0,0,0,0,0,0,0,0,1,0,0,0,0,0,7,13,0,0,0,0,0,0,16,0,0,0,0,0,12,0,0,0,0,0,5,2,0,0,0,1,0,23,0,1,1,0,0,0,18,6,2,0,1,9,0,1,0,0,0,4,0,0,0,0,8,9,0,0,0,8,0,11,0,0,0,1,0,0,3,2,0,0,0,0,0,0,0,0,1,0,0,9,0,2,2,23,51,0,0,0,0,0,12,0,0,1,11,69,91,218,8,24,0,45,36
e80f0f47-44d0-4d1a-bbda-d2334ff056ac,"To what extent, if at all, do you generally trust public utility companies to do what is right?",967,113,28,192,474,2,17,16,151,105,31,125,0,95,34,33,76,18,91,725,13,5,25,27,63,0,282,393,179,85,21,7,475,477,8,7,86,238,643,528,109,330,32,321,130,278,162,20,20,4,0,0,6,0,0,0,1,1,9,2,0,0,0,16,0,0,3,0,0,0,0,0,0,30,0,0,0,0,0,0,25,0,0,0,38,69,0,0,0,0,0,1,1,0,0,2,0,0,0,0,0,12,0,0,0,0,0,0,3,13,0,0,0,11,0,1,0,0,0,0,0,0,0,4,1,179,40,0,0,1,28,9,0,0,22,0,16,143,0,0,14,0,0,0,0,0,0,0,0,1,0,0,0,0,0,7,13,0,0,0,0,0,0,16,0,0,0,0,0,12,0,0,0,0,0,5,2,0,0,0,1,0,23,0,1,1,0,0,0,18,6,2,0,1,9,0,1,0,0,0,4,0,0,0,0,8,9,0,0,0,8,0,11,0,0,0,1,0,0,3,2,0,0,0,0,0,0,0,0,1,0,0,9,0,2,2,23,51,0,0,0,0,0,12,0,0,1,11,69,91,218,8,24,0,45,36
a6fa1236-c145-498b-8c30-7ca307461789,"To what extent, if at all, do you generally trust public research institutions to do what is right?",967,113,28,192,474,2,17,16,151,105,31,125,0,95,34,33,76,18,91,725,13,5,25,27,63,0,282,393,179,85,21,7,475,477,8,7,86,238,643,528,109,330,32,321,130,278,162,20,20,4,0,0,6,0,0,0,1,1,9,2,0,0,0,16,0,0,3,0,0,0,0,0,0,30,0,0,0,0,0,0,25,0,0,0,38,69,0,0,0,0,0,1,1,0,0,2,0,0,0,0,0,12,0,0,0,0,0,0,3,13,0,0,0,11,0,1,0,0,0,0,0,0,0,4,1,179,40,0,0,1,28,9,0,0,22,0,16,143,0,0,14,0,0,0,0,0,0,0,0,1,0,0,0,0,0,7,13,0,0,0,0,0,0,16,0,0,0,0,0,12,0,0,0,0,0,5,2,0,0,0,1,0,23,0,1,1,0,0,0,18,6,2,0,1,9,0,1,0,0,0,4,0,0,0,0,8,9,0,0,0,8,0,11,0,0,0,1,0,0,3,2,0,0,0,0,0,0,0,0,1,0,0,9,0,2,2,23,51,0,0,0,0,0,12,0,0,1,11,69,91,218,8,24,0,45,36
f435994f-e66e-4681-8334-4d6ee5f39e6b,"To what extent, if at all, do you trust your family doctor to act in your best interest?",967,113,28,192,474,2,17,16,151,105,31,125,0,95,34,33,76,18,91,725,13,5,25,27,63,0,282,393,179,85,21,7,475,477,8,7,86,238,643,528,109,330,32,321,130,278,162,20,20,4,0,0,6,0,0,0,1,1,9,2,0,0,0,16,0,0,3,0,0,0,0,0,0,30,0,0,0,0,0,0,25,0,0,0,38,69,0,0,0,0,0,1,1,0,0,2,0,0,0,0,0,12,0,0,0,0,0,0,3,13,0,0,0,11,0,1,0,0,0,0,0,0,0,4,1,179,40,0,0,1,28,9,0,0,22,0,16,143,0,0,14,0,0,0,0,0,0,0,0,1,0,0,0,0,0,7,13,0,0,0,0,0,0,16,0,0,0,0,0,12,0,0,0,0,0,5,2,0,0,0,1,0,23,0,1,1,0,0,0,18,6,2,0,1,9,0,1,0,0,0,4,0,0,0,0,8,9,0,0,0,8,0,11,0,0,0,1,0,0,3,2,0,0,0,0,0,0,0,0,1,0,0,9,0,2,2,23,51,0,0,0,0,0,12,0,0,1,11,69,91,218,8,24,0,45,36
951f11a0-3307-4507-805c-86d17562d21a,"To what extent, if at all, do you trust your social media feed (eg TikTok, Facebook) to act in your best interest?",967,113,28,192,474,2,17,16,151,105,31,125,0,95,34,33,76,18,91,725,13,5,25,27,63,0,282,393,179,85,21,7,475,477,8,7,86,238,643,528,109,330,32,321,130,278,162,20,20,4,0,0,6,0,0,0,1,1,9,2,0,0,0,16,0,0,3,0,0,0,0,0,0,30,0,0,0,0,0,0,25,0,0,0,38,69,0,0,0,0,0,1,1,0,0,2,0,0,0,0,0,12,0,0,0,0,0,0,3,13,0,0,0,11,0,1,0,0,0,0,0,0,0,4,1,179,40,0,0,1,28,9,0,0,22,0,16,143,0,0,14,0,0,0,0,0,0,0,0,1,0,0,0,0,0,7,13,0,0,0,0,0,0,16,0,0,0,0,0,12,0,0,0,0,0,5,2,0,0,0,1,0,23,0,1,1,0,0,0,18,6,2,0,1,9,0,1,0,0,0,4,0,0,0,0,8,9,0,0,0,8,0,11,0,0,0,1,0,0,3,2,0,0,0,0,0,0,0,0,1,0,0,9,0,2,2,23,51,0,0,0,0,0,12,0,0,1,11,69,91,218,8,24,0,45,36
522df4e6-3a3b-48d9-9c83-a03a6a7bb22e,"To what extent, if at all, do you trust your elected representatives to act in your best interest?",967,113,28,192,474,2,17,16,151,105,31,125,0,95,34,33,76,18,91,725,13,5,25,27,63,0,282,393,179,85,21,7,475,477,8,7,86,238,643,528,109,330,32,321,130,278,162,20,20,4,0,0,6,0,0,0,1,1,9,2,0,0,0,16,0,0,3,0,0,0,0,0,0,30,0,0,0,0,0,0,25,0,0,0,38,69,0,0,0,0,0,1,1,0,0,2,0,0,0,0,0,12,0,0,0,0,0,0,3,13,0,0,0,11,0,1,0,0,0,0,0,0,0,4,1,179,40,0,0,1,28,9,0,0,22,0,16,143,0,0,14,0,0,0,0,0,0,0,0,1,0,0,0,0,0,7,13,0,0,0,0,0,0,16,0,0,0,0,0,12,0,0,0,0,0,5,2,0,0,0,1,0,23,0,1,1,0,0,0,18,6,2,0,1,9,0,1,0,0,0,4,0,0,0,0,8,9,0,0,0,8,0,11,0,0,0,1,0,0,3,2,0,0,0,0,0,0,0,0,1,0,0,9,0,2,2,23,51,0,0,0,0,0,12,0,0,1,11,69,91,218,8,24,0,45,36
18cc2f33-6373-49f0-aa7e-e2fa04a04575,"To what extent, if at all, do you trust your faith or community leader to act in your best interest?",967,113,28,192,474,2,17,16,151,105,31,125,0,95,34,33,76,18,91,725,13,5,25,27,63,0,282,393,179,85,21,7,475,477,8,7,86,238,643,528,109,330,32,321,130,278,162,20,20,4,0,0,6,0,0,0,1,1,9,2,0,0,0,16,0,0,3,0,0,0,0,0,0,30,0,0,0,0,0,0,25,0,0,0,38,69,0,0,0,0,0,1,1,0,0,2,0,0,0,0,0,12,0,0,0,0,0,0,3,13,0,0,0,11,0,1,0,0,0,0,0,0,0,4,1,179,40,0,0,1,28,9,0,0,22,0,16,143,0,0,14,0,0,0,0,0,0,0,0,1,0,0,0,0,0,7,13,0,0,0,0,0,0,16,0,0,0,0,0,12,0,0,0,0,0,5,2,0,0,0,1,0,23,0,1,1,0,0,0,18,6,2,0,1,9,0,1,0,0,0,4,0,0,0,0,8,9,0,0,0,8,0,11,0,0,0,1,0,0,3,2,0,0,0,0,0,0,0,0,1,0,0,9,0,2,2,23,51,0,0,0,0,0,12,0,0,1,11,69,91,218,8,24,0,45,36
e26549f8-5c9a-426b-b22a-57d8fe0d5e03,"To what extent, if at all, do you trust the civil servants in your government to act in your best interest?",967,113,28,192,474,2,17,16,151,105,31,125,0,95,34,33,76,18,91,725,13,5,25,27,63,0,282,393,179,85,21,7,475,477,8,7,86,238,643,528,109,330,32,321,130,278,162,20,20,4,0,0,6,0,0,0,1,1,9,2,0,0,0,16,0,0,3,0,0,0,0,0,0,30,0,0,0,0,0,0,25,0,0,0,38,69,0,0,0,0,0,1,1,0,0,2,0,0,0,0,0,12,0,0,0,0,0,0,3,13,0,0,0,11,0,1,0,0,0,0,0,0,0,4,1,179,40,0,0,1,28,9,0,0,22,0,16,143,0,0,14,0,0,0,0,0,0,0,0,1,0,0,0,0,0,7,13,0,0,0,0,0,0,16,0,0,0,0,0,12,0,0,0,0,0,5,2,0,0,0,1,0,23,0,1,1,0,0,0,18,6,2,0,1,9,0,1,0,0,0,4,0,0,0,0,8,9,0,0,0,8,0,11,0,0,0,1,0,0,3,2,0,0,0,0,0,0,0,0,1,0,0,9,0,2,2,23,51,0,0,0,0,0,12,0,0,1,11,69,91,218,8,24,0,45,36
332cec0c-afeb-4c18-a0e4-146c656750a8,"To what extent, if at all, do you trust your AI chatbot (eg ChatGPT) to act in your best interest?",967,113,28,192,474,2,17,16,151,105,31,125,0,95,34,33,76,18,91,725,13,5,25,27,63,0,282,393,179,85,21,7,475,477,8,7,86,238,643,528,109,330,32,321,130,278,162,20,20,4,0,0,6,0,0,0,1,1,9,2,0,0,0,16,0,0,3,0,0,0,0,0,0,30,0,0,0,0,0,0,25,0,0,0,38,69,0,0,0,0,0,1,1,0,0,2,0,0,0,0,0,12,0,0,0,0,0,0,3,13,0,0,0,11,0,1,0,0,0,0,0,0,0,4,1,179,40,0,0,1,28,9,0,0,22,0,16,143,0,0,14,0,0,0,0,0,0,0,0,1,0,0,0,0,0,7,13,0,0,0,0,0,0,16,0,0,0,0,0,12,0,0,0,0,0,5,2,0,0,0,1,0,23,0,1,1,0,0,0,18,6,2,0,1,9,0,1,0,0,0,4,0,0,0,0,8,9,0,0,0,8,0,11,0,0,0,1,0,0,3,2,0,0,0,0,0,0,0,0,1,0,0,9,0,2,2,23,51,0,0,0,0,0,12,0,0,1,11,69,91,218,8,24,0,45,36
9cc4f2fc-dee9-4196-b1c7-b437544668c8,Can you explain why you gave that trust score to your AI chatbot?,967,113,28,192,474,2,17,16,151,105,31,125,0,95,34,33,76,18,91,725,13,5,25,27,63,0,282,393,179,85,21,7,475,477,8,7,86,238,643,528,109,330,32,321,130,278,162,20,20,4,0,0,6,0,0,0,1,1,9,2,0,0,0,16,0,0,3,0,0,0,0,0,0,30,0,0,0,0,0,0,25,0,0,0,38,69,0,0,0,0,0,1,1,0,0,2,0,0,0,0,0,12,0,0,0,0,0,0,3,13,0,0,0,11,0,1,0,0,0,0,0,0,0,4,1,179,40,0,0,1,28,9,0,0,22,0,16,143,0,0,14,0,0,0,0,0,0,0,0,1,0,0,0,0,0,7,13,0,0,0,0,0,0,16,0,0,0,0,0,12,0,0,0,0,0,5,2,0,0,0,1,0,23,0,1,1,0,0,0,18,6,2,0,1,9,0,1,0,0,0,4,0,0,0,0,8,9,0,0,0,8,0,11,0,0,0,1,0,0,3,2,0,0,0,0,0,0,0,0,1,0,0,9,0,2,2,23,51,0,0,0,0,0,12,0,0,1,11,69,91,218,8,24,0,45,36
38964f80-772f-4e5d-a355-b4857f2de101,Do you agree or disagree with this statement? AI could make better decisions on my behalf than my government representatives.,964,113,28,192,471,2,17,16,151,104,31,125,0,95,34,33,76,18,91,722,13,5,25,27,63,0,280,392,179,85,21,7,473,476,8,7,86,237,641,526,108,330,32,321,130,277,160,20,20,4,0,0,6,0,0,0,1,1,9,2,0,0,0,16,0,0,3,0,0,0,0,0,0,30,0,0,0,0,0,0,25,0,0,0,38,69,0,0,0,0,0,1,1,0,0,2,0,0,0,0,0,12,0,0,0,0,0,0,3,13,0,0,0,11,0,1,0,0,0,0,0,0,0,4,1,179,38,0,0,1,28,9,0,0,22,0,16,143,0,0,13,0,0,0,0,0,0,0,0,1,0,0,0,0,0,7,13,0,0,0,0,0,0,16,0,0,0,0,0,12,0,0,0,0,0,5,2,0,0,0,1,0,23,0,1,1,0,0,0,18,6,2,0,1,9,0,1,0,0,0,4,0,0,0,0,8,9,0,0,0,8,0,11,0,0,0,1,0,0,3,2,0,0,0,0,0,0,0,0,1,0,0,9,0,2,2,23,51,0,0,0,0,0,12,0,0,1,11,69,89,218,8,24,0,45,36
983893d8-07ab-4c8e-bdb2-14335638633d,"Do you think the increased use of AI across society is likely to make your cost of living better, worse or stay the same in the next 10 years?",963,113,28,192,470,2,17,16,151,104,31,125,0,95,34,33,76,18,91,721,13,5,25,27,63,0,279,392,179,85,21,7,472,476,8,7,86,237,640,526,107,330,32,320,130,277,160,20,20,4,0,0,6,0,0,0,1,1,9,2,0,0,0,16,0,0,3,0,0,0,0,0,0,30,0,0,0,0,0,0,25,0,0,0,38,69,0,0,0,0,0,1,1,0,0,2,0,0,0,0,0,12,0,0,0,0,0,0,3,13,0,0,0,11,0,1,0,0,0,0,0,0,0,4,1,179,38,0,0,1,28,9,0,0,22,0,16,143,0,0,13,0,0,0,0,0,0,0,0,1,0,0,0,0,0,7,13,0,0,0,0,0,0,16,0,0,0,0,0,12,0,0,0,0,0,5,2,0,0,0,1,0,23,0,1,1,0,0,0,17,6,2,0,1,9,0,1,0,0,0,4,0,0,0,0,8,9,0,0,0,8,0,11,0,0,0,1,0,0,3,2,0,0,0,0,0,0,0,0,1,0,0,9,0,2,2,23,51,0,0,0,0,0,12,0,0,1,11,69,88,218,8,24,0,45,36
8a9d1c12-44f6-42dc-9238-daaaca0d85d0,"Do you think the increased use of AI across society is likely to make the amount of free time you have better, worse or stay the same in the next 10 years?",962,113,28,192,470,2,17,16,151,104,31,125,0,95,34,33,76,18,91,721,13,5,25,27,62,0,279,391,179,85,21,7,472,476,7,7,86,237,639,526,106,330,32,320,130,276,160,20,20,4,0,0,6,0,0,0,1,1,9,2,0,0,0,16,0,0,3,0,0,0,0,0,0,30,0,0,0,0,0,0,25,0,0,0,37,69,0,0,0,0,0,1,1,0,0,2,0,0,0,0,0,12,0,0,0,0,0,0,3,13,0,0,0,11,0,1,0,0,0,0,0,0,0,4,1,179,38,0,0,1,28,9,0,0,22,0,16,143,0,0,13,0,0,0,0,0,0,0,0,1,0,0,0,0,0,7,13,0,0,0,0,0,0,16,0,0,0,0,0,12,0,0,0,0,0,5,2,0,0,0,1,0,23,0,1,1,0,0,0,17,6,2,0,1,9,0,1,0,0,0,4,0,0,0,0,8,9,0,0,0,8,0,11,0,0,0,1,0,0,3,2,0,0,0,0,0,0,0,0,1,0,0,9,0,2,2,23,51,0,0,0,0,0,12,0,0,1,11,68,88,218,8,24,0,45,36
5afe8617-7e71-40c8-8a33-1b356a8ca674,"Do you think the increased use of AI across society is likely to make your community's well-being better, worse or stay the same in the next 10 years?",961,113,28,192,469,2,17,16,151,104,31,125,0,95,34,33,76,18,91,720,13,5,25,27,62,0,279,390,179,85,21,7,472,475,7,7,86,237,638,525,106,330,31,320,130,276,160,20,20,4,0,0,6,0,0,0,1,1,9,2,0,0,0,16,0,0,3,0,0,0,0,0,0,30,0,0,0,0,0,0,25,0,0,0,37,69,0,0,0,0,0,1,1,0,0,2,0,0,0,0,0,12,0,0,0,0,0,0,3,13,0,0,0,11,0,1,0,0,0,0,0,0,0,4,1,179,38,0,0,1,28,9,0,0,22,0,16,143,0,0,13,0,0,0,0,0,0,0,0,1,0,0,0,0,0,7,13,0,0,0,0,0,0,16,0,0,0,0,0,12,0,0,0,0,0,5,2,0,0,0,1,0,23,0,1,1,0,0,0,17,6,2,0,1,9,0,1,0,0,0,4,0,0,0,0,8,9,0,0,0,8,0,11,0,0,0,1,0,0,3,2,0,0,0,0,0,0,0,0,1,0,0,9,0,2,2,23,51,0,0,0,0,0,11,0,0,1,11,68,87,218,8,24,0,45,36
96e5895f-d640-4a37-bc16-6e095f38ba7e,"Do you think the increased use of AI across society is likely to make the availability of good jobs better, worse or stay the same in the next 10 years?",961,113,28,192,469,2,17,16,151,104,31,125,0,95,34,33,76,18,91,720,13,5,25,27,62,0,279,390,179,85,21,7,472,475,7,7,86,237,638,525,106,330,31,320,130,276,160,20,20,4,0,0,6,0,0,0,1,1,9,2,0,0,0,16,0,0,3,0,0,0,0,0,0,30,0,0,0,0,0,0,25,0,0,0,37,69,0,0,0,0,0,1,1,0,0,2,0,0,0,0,0,12,0,0,0,0,0,0,3,13,0,0,0,11,0,1,0,0,0,0,0,0,0,4,1,179,38,0,0,1,28,9,0,0,22,0,16,143,0,0,13,0,0,0,0,0,0,0,0,1,0,0,0,0,0,7,13,0,0,0,0,0,0,16,0,0,0,0,0,12,0,0,0,0,0,5,2,0,0,0,1,0,23,0,1,1,0,0,0,17,6,2,0,1,9,0,1,0,0,0,4,0,0,0,0,8,9,0,0,0,8,0,11,0,0,0,1,0,0,3,2,0,0,0,0,0,0,0,0,1,0,0,9,0,2,2,23,51,0,0,0,0,0,11,0,0,1,11,68,87,218,8,24,0,45,36
0e0a2736-2ac9-490c-adb9-bf7dfd25b14b,"Do you think the increased use of AI across society is likely to make your sense of purpose better, worse or stay the same in the next 10 years?",961,113,28,192,469,2,17,16,151,104,31,125,0,95,34,33,76,18,91,720,13,5,25,27,62,0,279,390,179,85,21,7,472,475,7,7,86,237,638,525,106,330,31,320,130,276,160,20,20,4,0,0,6,0,0,0,1,1,9,2,0,0,0,16,0,0,3,0,0,0,0,0,0,30,0,0,0,0,0,0,25,0,0,0,37,69,0,0,0,0,0,1,1,0,0,2,0,0,0,0,0,12,0,0,0,0,0,0,3,13,0,0,0,11,0,1,0,0,0,0,0,0,0,4,1,179,38,0,0,1,28,9,0,0,22,0,16,143,0,0,13,0,0,0,0,0,0,0,0,1,0,0,0,0,0,7,13,0,0,0,0,0,0,16,0,0,0,0,0,12,0,0,0,0,0,5,2,0,0,0,1,0,23,0,1,1,0,0,0,17,6,2,0,1,9,0,1,0,0,0,4,0,0,0,0,8,9,0,0,0,8,0,11,0,0,0,1,0,0,3,2,0,0,0,0,0,0,0,0,1,0,0,9,0,2,2,23,51,0,0,0,0,0,11,0,0,1,11,68,87,218,8,24,0,45,36
b1288e79-aec5-43e4-a34e-c6d474737305,"So far, what has been the overall impact of AI on your daily life?",961,113,28,192,469,2,17,16,151,104,31,125,0,95,34,33,76,18,91,720,13,5,25,27,62,0,279,390,179,85,21,7,472,475,7,7,86,237,638,525,106,330,31,320,130,276,160,20,20,4,0,0,6,0,0,0,1,1,9,2,0,0,0,16,0,0,3,0,0,0,0,0,0,30,0,0,0,0,0,0,25,0,0,0,37,69,0,0,0,0,0,1,1,0,0,2,0,0,0,0,0,12,0,0,0,0,0,0,3,13,0,0,0,11,0,1,0,0,0,0,0,0,0,4,1,179,38,0,0,1,28,9,0,0,22,0,16,143,0,0,13,0,0,0,0,0,0,0,0,1,0,0,0,0,0,7,13,0,0,0,0,0,0,16,0,0,0,0,0,12,0,0,0,0,0,5,2,0,0,0,1,0,23,0,1,1,0,0,0,17,6,2,0,1,9,0,1,0,0,0,4,0,0,0,0,8,9,0,0,0,8,0,11,0,0,0,1,0,0,3,2,0,0,0,0,0,0,0,0,1,0,0,9,0,2,2,23,51,0,0,0,0,0,11,0,0,1,11,68,87,218,8,24,0,45,36
29453c82-de9b-4be1-ba27-723906fb7dcf,Is your job making a meaningful contribution to the world?,961,113,28,192,469,2,17,16,151,104,31,125,0,95,34,33,76,18,91,720,13,5,25,27,62,0,279,390,179,85,21,7,472,475,7,7,86,237,638,525,106,330,31,320,130,276,160,20,20,4,0,0,6,0,0,0,1,1,9,2,0,0,0,16,0,0,3,0,0,0,0,0,0,30,0,0,0,0,0,0,25,0,0,0,37,69,0,0,0,0,0,1,1,0,0,2,0,0,0,0,0,12,0,0,0,0,0,0,3,13,0,0,0,11,0,1,0,0,0,0,0,0,0,4,1,179,38,0,0,1,28,9,0,0,22,0,16,143,0,0,13,0,0,0,0,0,0,0,0,1,0,0,0,0,0,7,13,0,0,0,0,0,0,16,0,0,0,0,0,12,0,0,0,0,0,5,2,0,0,0,1,0,23,0,1,1,0,0,0,17,6,2,0,1,9,0,1,0,0,0,4,0,0,0,0,8,9,0,0,0,8,0,11,0,0,0,1,0,0,3,2,0,0,0,0,0,0,0,0,1,0,0,9,0,2,2,23,51,0,0,0,0,0,11,0,0,1,11,68,87,218,8,24,0,45,36
289f8b3b-d97c-4585-8e41-5e41602aaedb,Do you think your job is likely to be automated in the next 10 years?,961,113,28,192,469,2,17,16,151,104,31,125,0,95,34,33,76,18,91,720,13,5,25,27,62,0,279,390,179,85,21,7,472,475,7,7,86,237,638,525,106,330,31,320,130,276,160,20,20,4,0,0,6,0,0,0,1,1,9,2,0,0,0,16,0,0,3,0,0,0,0,0,0,30,0,0,0,0,0,0,25,0,0,0,37,69,0,0,0,0,0,1,1,0,0,2,0,0,0,0,0,12,0,0,0,0,0,0,3,13,0,0,0,11,0,1,0,0,0,0,0,0,0,4,1,179,38,0,0,1,28,9,0,0,22,0,16,143,0,0,13,0,0,0,0,0,0,0,0,1,0,0,0,0,0,7,13,0,0,0,0,0,0,16,0,0,0,0,0,12,0,0,0,0,0,5,2,0,0,0,1,0,23,0,1,1,0,0,0,17,6,2,0,1,9,0,1,0,0,0,4,0,0,0,0,8,9,0,0,0,8,0,11,0,0,0,1,0,0,3,2,0,0,0,0,0,0,0,0,1,0,0,9,0,2,2,23,51,0,0,0,0,0,11,0,0,1,11,68,87,218,8,24,0,45,36
e7a8b7e2-9077-4c8c-9cca-29f3c957ca16,Do you think your job should be automated in the next 10 years?,961,113,28,192,469,2,17,16,151,104,31,125,0,95,34,33,76,18,91,720,13,5,25,27,62,0,279,390,179,85,21,7,472,475,7,7,86,237,638,525,106,330,31,320,130,276,160,20,20,4,0,0,6,0,0,0,1,1,9,2,0,0,0,16,0,0,3,0,0,0,0,0,0,30,0,0,0,0,0,0,25,0,0,0,37,69,0,0,0,0,0,1,1,0,0,2,0,0,0,0,0,12,0,0,0,0,0,0,3,13,0,0,0,11,0,1,0,0,0,0,0,0,0,4,1,179,38,0,0,1,28,9,0,0,22,0,16,143,0,0,13,0,0,0,0,0,0,0,0,1,0,0,0,0,0,7,13,0,0,0,0,0,0,16,0,0,0,0,0,12,0,0,0,0,0,5,2,0,0,0,1,0,23,0,1,1,0,0,0,17,6,2,0,1,9,0,1,0,0,0,4,0,0,0,0,8,9,0,0,0,8,0,11,0,0,0,1,0,0,3,2,0,0,0,0,0,0,0,0,1,0,0,9,0,2,2,23,51,0,0,0,0,0,11,0,0,1,11,68,87,218,8,24,0,45,36
41f7cf6e-c4ee-42c7-b453-77320c78b294,"So far, how has your community been affected by job loss from automation?",961,113,28,192,469,2,17,16,151,104,31,125,0,95,34,33,76,18,91,720,13,5,25,27,62,0,279,390,179,85,21,7,472,475,7,7,86,237,638,525,106,330,31,320,130,276,160,20,20,4,0,0,6,0,0,0,1,1,9,2,0,0,0,16,0,0,3,0,0,0,0,0,0,30,0,0,0,0,0,0,25,0,0,0,37,69,0,0,0,0,0,1,1,0,0,2,0,0,0,0,0,12,0,0,0,0,0,0,3,13,0,0,0,11,0,1,0,0,0,0,0,0,0,4,1,179,38,0,0,1,28,9,0,0,22,0,16,143,0,0,13,0,0,0,0,0,0,0,0,1,0,0,0,0,0,7,13,0,0,0,0,0,0,16,0,0,0,0,0,12,0,0,0,0,0,5,2,0,0,0,1,0,23,0,1,1,0,0,0,17,6,2,0,1,9,0,1,0,0,0,4,0,0,0,0,8,9,0,0,0,8,0,11,0,0,0,1,0,0,3,2,0,0,0,0,0,0,0,0,1,0,0,9,0,2,2,23,51,0,0,0,0,0,11,0,0,1,11,68,87,218,8,24,0,45,36
0db7bbdf-847c-4e1b-a89b-22a8d8e6a02b,Would you want this future or not? Please explain why.,959,113,28,192,467,2,17,16,151,103,31,125,0,95,34,33,76,18,91,718,13,5,25,27,62,0,279,389,178,85,21,7,470,475,7,7,85,237,637,524,105,330,31,319,130,275,160,20,20,4,0,0,6,0,0,0,1,1,9,2,0,0,0,16,0,0,3,0,0,0,0,0,0,30,0,0,0,0,0,0,25,0,0,0,37,69,0,0,0,0,0,1,1,0,0,2,0,0,0,0,0,12,0,0,0,0,0,0,3,13,0,0,0,11,0,1,0,0,0,0,0,0,0,4,1,179,37,0,0,1,28,9,0,0,21,0,16,143,0,0,13,0,0,0,0,0,0,0,0,1,0,0,0,0,0,7,13,0,0,0,0,0,0,16,0,0,0,0,0,12,0,0,0,0,0,5,2,0,0,0,1,0,23,0,1,1,0,0,0,17,6,2,0,1,9,0,1,0,0,0,4,0,0,0,0,8,9,0,0,0,8,0,11,0,0,0,1,0,0,3,2,0,0,0,0,0,0,0,0,1,0,0,9,0,2,2,23,51,0,0,0,0,0,11,0,0,1,11,68,86,218,8,24,0,45,36
33d71c79-81fb-430a-8dba-0709dd93f1cb,Think about your neighbor - do you think your neighbor would want this future and why?,958,113,28,192,466,2,17,16,151,103,31,125,0,95,34,33,76,18,91,717,13,5,25,27,62,0,278,389,178,85,21,7,470,474,7,7,85,237,636,524,104,330,31,319,130,274,160,20,20,4,0,0,6,0,0,0,1,1,9,2,0,0,0,16,0,0,3,0,0,0,0,0,0,30,0,0,0,0,0,0,25,0,0,0,37,69,0,0,0,0,0,1,1,0,0,2,0,0,0,0,0,12,0,0,0,0,0,0,3,13,0,0,0,11,0,1,0,0,0,0,0,0,0,4,1,179,37,0,0,1,28,9,0,0,21,0,16,143,0,0,13,0,0,0,0,0,0,0,0,1,0,0,0,0,0,7,13,0,0,0,0,0,0,16,0,0,0,0,0,12,0,0,0,0,0,5,2,0,0,0,1,0,23,0,1,1,0,0,0,17,6,2,0,1,9,0,1,0,0,0,4,0,0,0,0,8,9,0,0,0,8,0,11,0,0,0,1,0,0,3,2,0,0,0,0,0,0,0,0,1,0,0,9,0,2,2,23,51,0,0,0,0,0,10,0,0,1,11,68,85,218,8,24,0,45,36
a170b4e5-508e-471a-b0eb-38f882c87671,Would you want this future or not? Please explain why.,952,112,28,191,463,2,17,16,150,103,31,125,0,93,34,33,74,18,91,711,13,5,25,27,62,0,277,386,177,84,21,7,467,471,7,7,85,237,630,519,104,329,31,316,129,274,158,20,20,4,0,0,6,0,0,0,1,1,9,2,0,0,0,16,0,0,3,0,0,0,0,0,0,30,0,0,0,0,0,0,24,0,0,0,37,69,0,0,0,0,0,1,1,0,0,2,0,0,0,0,0,12,0,0,0,0,0,0,3,13,0,0,0,11,0,1,0,0,0,0,0,0,0,4,1,178,36,0,0,1,28,9,0,0,21,0,16,142,0,0,13,0,0,0,0,0,0,0,0,1,0,0,0,0,0,7,13,0,0,0,0,0,0,16,0,0,0,0,0,12,0,0,0,0,0,5,2,0,0,0,1,0,23,0,1,1,0,0,0,16,6,2,0,1,9,0,1,0,0,0,4,0,0,0,0,8,9,0,0,0,8,0,11,0,0,0,1,0,0,3,2,0,0,0,0,0,0,0,0,1,0,0,9,0,2,2,23,50,0,0,0,0,0,10,0,0,1,11,68,83,217,8,24,0,45,36
63a99154-3b0e-4375-aaa1-6665f699f6d6,Would you prefer Scenario 1 or 2? Please explain what makes one of these scenarios better to you than the other.,949,112,28,191,460,2,17,15,150,102,31,125,0,93,34,33,74,18,91,709,13,5,25,26,62,0,275,385,177,84,21,7,464,471,7,7,85,236,628,519,104,326,31,316,129,273,156,20,20,4,0,0,6,0,0,0,1,1,9,2,0,0,0,16,0,0,3,0,0,0,0,0,0,30,0,0,0,0,0,0,24,0,0,0,37,69,0,0,0,0,0,1,1,0,0,2,0,0,0,0,0,12,0,0,0,0,0,0,3,13,0,0,0,11,0,1,0,0,0,0,0,0,0,4,1,177,36,0,0,1,28,9,0,0,20,0,15,142,0,0,13,0,0,0,0,0,0,0,0,1,0,0,0,0,0,7,13,0,0,0,0,0,0,16,0,0,0,0,0,12,0,0,0,0,0,5,2,0,0,0,1,0,23,0,1,1,0,0,0,16,6,2,0,1,9,0,1,0,0,0,4,0,0,0,0,8,9,0,0,0,8,0,11,0,0,0,1,0,0,3,2,0,0,0,0,0,0,0,0,1,0,0,9,0,2,2,23,50,0,0,0,0,0,10,0,0,1,11,68,83,216,8,24,0,45,36
13035d06-a388-4fce-af9d-72a60b89aeba,Would you prefer Scenario 1 or 2? Please explain what makes one of these scenarios better to you than the other.,948,112,28,190,460,2,17,15,149,102,31,125,0,93,34,33,74,18,91,708,13,5,25,26,62,0,275,384,177,84,21,7,463,471,7,7,85,235,628,518,104,326,31,315,129,273,156,20,20,4,0,0,6,0,0,0,1,1,9,2,0,0,0,16,0,0,3,0,0,0,0,0,0,30,0,0,0,0,0,0,24,0,0,0,37,69,0,0,0,0,0,1,1,0,0,2,0,0,0,0,0,12,0,0,0,0,0,0,3,13,0,0,0,11,0,1,0,0,0,0,0,0,0,4,1,177,36,0,0,1,28,9,0,0,20,0,15,142,0,0,13,0,0,0,0,0,0,0,0,1,0,0,0,0,0,6,13,0,0,0,0,0,0,16,0,0,0,0,0,12,0,0,0,0,0,5,2,0,0,0,1,0,23,0,1,1,0,0,0,16,6,2,0,1,9,0,1,0,0,0,4,0,0,0,0,8,9,0,0,0,8,0,11,0,0,0,1,0,0,3,2,0,0,0,0,0,0,0,0,1,0,0,9,0,2,2,23,50,0,0,0,0,0,10,0,0,1,11,68,83,216,8,24,0,45,36
b20bea98-c3c3-4382-8842-b8ceab0f1d9d,Would you prefer Scenario 1 or 2? Please explain what makes one of these scenarios better to you than the other.,945,112,28,189,459,2,17,15,148,101,31,124,0,93,34,33,74,18,90,707,12,5,25,26,62,0,273,384,176,84,21,7,462,469,7,7,85,235,625,517,104,324,31,314,129,271,156,20,20,4,0,0,6,0,0,0,1,1,9,2,0,0,0,16,0,0,3,0,0,0,0,0,0,30,0,0,0,0,0,0,24,0,0,0,37,68,0,0,0,0,0,1,1,0,0,2,0,0,0,0,0,12,0,0,0,0,0,0,3,12,0,0,0,11,0,1,0,0,0,0,0,0,0,4,1,177,36,0,0,1,28,9,0,0,20,0,15,141,0,0,13,0,0,0,0,0,0,0,0,1,0,0,0,0,0,6,13,0,0,0,0,0,0,16,0,0,0,0,0,12,0,0,0,0,0,5,2,0,0,0,1,0,23,0,1,1,0,0,0,16,6,2,0,1,9,0,1,0,0,0,4,0,0,0,0,8,9,0,0,0,8,0,11,0,0,0,1,0,0,3,2,0,0,0,0,0,0,0,0,1,0,0,9,0,2,2,23,50,0,0,0,0,0,10,0,0,1,11,68,83,216,8,24,0,45,35
eb87f6c5-a2de-49f2-a1a5-5efd42cd19bf,Would you prefer Scenario 1 or 2? Please explain what makes one of these scenarios better to you than the other.,944,112,28,189,459,2,16,15,148,101,31,124,0,92,34,33,74,18,90,707,12,5,25,26,61,0,273,383,176,84,21,7,461,469,7,7,84,235,625,517,104,323,31,313,129,271,156,20,20,4,0,0,6,0,0,0,1,1,9,2,0,0,0,16,0,0,3,0,0,0,0,0,0,30,0,0,0,0,0,0,24,0,0,0,37,68,0,0,0,0,0,1,1,0,0,2,0,0,0,0,0,12,0,0,0,0,0,0,3,12,0,0,0,11,0,1,0,0,0,0,0,0,0,4,1,177,36,0,0,1,28,9,0,0,20,0,15,141,0,0,13,0,0,0,0,0,0,0,0,1,0,0,0,0,0,6,13,0,0,0,0,0,0,16,0,0,0,0,0,12,0,0,0,0,0,5,2,0,0,0,1,0,23,0,1,0,0,0,0,16,6,2,0,1,9,0,1,0,0,0,4,0,0,0,0,8,9,0,0,0,8,0,11,0,0,0,1,0,0,3,2,0,0,0,0,0,0,0,0,1,0,0,9,0,2,2,23,50,0,0,0,0,0,10,0,0,1,11,68,83,216,8,24,0,45,35
c3a096ad-6ca5-4365-97f8-c6e36071bc58,Think about your neighbor - do you think your neighbor would prefer Scenario 1 or 2 future and why?,943,112,28,189,458,2,16,15,148,100,31,124,0,92,34,33,74,18,90,706,12,5,25,26,61,0,272,383,176,84,21,7,460,469,7,7,84,235,624,517,104,322,31,313,129,270,156,20,20,4,0,0,6,0,0,0,1,1,9,2,0,0,0,16,0,0,3,0,0,0,0,0,0,30,0,0,0,0,0,0,24,0,0,0,37,68,0,0,0,0,0,1,1,0,0,2,0,0,0,0,0,12,0,0,0,0,0,0,3,12,0,0,0,11,0,1,0,0,0,0,0,0,0,4,1,177,36,0,0,1,28,9,0,0,20,0,15,141,0,0,12,0,0,0,0,0,0,0,0,1,0,0,0,0,0,6,13,0,0,0,0,0,0,16,0,0,0,0,0,12,0,0,0,0,0,5,2,0,0,0,1,0,23,0,1,0,0,0,0,16,6,2,0,1,9,0,1,0,0,0,4,0,0,0,0,8,9,0,0,0,8,0,11,0,0,0,1,0,0,3,2,0,0,0,0,0,0,0,0,1,0,0,9,0,2,2,23,50,0,0,0,0,0,10,0,0,1,11,68,83,216,8,24,0,45,35
ab69fbbb-d63c-4820-9ed1-8192b1ffd7e9,Would you prefer Scenario 1 or 2? Please explain what makes one of these scenarios better to you than the other.,939,111,28,189,454,2,16,15,148,98,31,124,0,92,34,33,74,18,90,702,12,5,25,26,61,0,271,381,176,83,21,7,456,469,7,7,84,235,620,514,104,321,31,312,129,268,156,19,20,4,0,0,6,0,0,0,1,1,9,2,0,0,0,16,0,0,3,0,0,0,0,0,0,30,0,0,0,0,0,0,24,0,0,0,37,68,0,0,0,0,0,1,1,0,0,2,0,0,0,0,0,12,0,0,0,0,0,0,3,12,0,0,0,11,0,1,0,0,0,0,0,0,0,4,1,177,36,0,0,1,27,9,0,0,19,0,15,141,0,0,11,0,0,0,0,0,0,0,0,1,0,0,0,0,0,6,13,0,0,0,0,0,0,16,0,0,0,0,0,12,0,0,0,0,0,5,2,0,0,0,1,0,23,0,1,0,0,0,0,15,6,2,0,1,9,0,1,0,0,0,4,0,0,0,0,8,9,0,0,0,8,0,11,0,0,0,1,0,0,3,2,0,0,0,0,0,0,0,0,1,0,0,9,0,2,2,23,50,0,0,0,0,0,10,0,0,1,11,68,82,216,8,24,0,44,35
cfa2af3e-2719-4b06-ac30-80acdf9a6840,Think about your neighbor - do you think your neighbor would prefer Scenario 1 or 2 future and why?,938,110,28,189,454,2,16,15,148,98,31,124,0,92,34,33,74,18,90,702,12,5,24,26,61,0,271,381,176,82,21,7,456,468,7,7,84,235,619,514,103,321,31,311,129,268,156,19,20,4,0,0,6,0,0,0,1,1,9,2,0,0,0,16,0,0,3,0,0,0,0,0,0,29,0,0,0,0,0,0,24,0,0,0,37,68,0,0,0,0,0,1,1,0,0,2,0,0,0,0,0,12,0,0,0,0,0,0,3,12,0,0,0,11,0,1,0,0,0,0,0,0,0,4,1,177,36,0,0,1,27,9,0,0,19,0,15,141,0,0,11,0,0,0,0,0,0,0,0,1,0,0,0,0,0,6,13,0,0,0,0,0,0,16,0,0,0,0,0,12,0,0,0,0,0,5,2,0,0,0,1,0,23,0,1,0,0,0,0,15,6,2,0,1,9,0,1,0,0,0,4,0,0,0,0,8,9,0,0,0,8,0,11,0,0,0,1,0,0,3,2,0,0,0,0,0,0,0,0,1,0,0,9,0,2,2,23,50,0,0,0,0,0,10,0,0,1,11,67,82,216,8,24,0,44,35
c909ca6a-ef51-4505-92a3-6f19645cd2b0,Do you agree or disagree?,938,110,28,189,454,2,16,15,148,98,31,124,0,92,34,33,74,18,90,702,12,5,24,26,61,0,271,381,176,82,21,7,456,468,7,7,84,235,619,514,103,321,31,311,129,268,156,19,20,4,0,0,6,0,0,0,1,1,9,2,0,0,0,16,0,0,3,0,0,0,0,0,0,29,0,0,0,0,0,0,24,0,0,0,37,68,0,0,0,0,0,1,1,0,0,2,0,0,0,0,0,12,0,0,0,0,0,0,3,12,0,0,0,11,0,1,0,0,0,0,0,0,0,4,1,177,36,0,0,1,27,9,0,0,19,0,15,141,0,0,11,0,0,0,0,0,0,0,0,1,0,0,0,0,0,6,13,0,0,0,0,0,0,16,0,0,0,0,0,12,0,0,0,0,0,5,2,0,0,0,1,0,23,0,1,0,0,0,0,15,6,2,0,1,9,0,1,0,0,0,4,0,0,0,0,8,9,0,0,0,8,0,11,0,0,0,1,0,0,3,2,0,0,0,0,0,0,0,0,1,0,0,9,0,2,2,23,50,0,0,0,0,0,10,0,0,1,11,67,82,216,8,24,0,44,35
0443cd28-8742-43fa-8c89-3ede8d10b365,Please explain whether you agree or disagree and why.,938,110,28,189,454,2,16,15,148,98,31,124,0,92,34,33,74,18,90,702,12,5,24,26,61,0,271,381,176,82,21,7,456,468,7,7,84,235,619,514,103,321,31,311,129,268,156,19,20,4,0,0,6,0,0,0,1,1,9,2,0,0,0,16,0,0,3,0,0,0,0,0,0,29,0,0,0,0,0,0,24,0,0,0,37,68,0,0,0,0,0,1,1,0,0,2,0,0,0,0,0,12,0,0,0,0,0,0,3,12,0,0,0,11,0,1,0,0,0,0,0,0,0,4,1,177,36,0,0,1,27,9,0,0,19,0,15,141,0,0,11,0,0,0,0,0,0,0,0,1,0,0,0,0,0,6,13,0,0,0,0,0,0,16,0,0,0,0,0,12,0,0,0,0,0,5,2,0,0,0,1,0,23,0,1,0,0,0,0,15,6,2,0,1,9,0,1,0,0,0,4,0,0,0,0,8,9,0,0,0,8,0,11,0,0,0,1,0,0,3,2,0,0,0,0,0,0,0,0,1,0,0,9,0,2,2,23,50,0,0,0,0,0,10,0,0,1,11,67,82,216,8,24,0,44,35
18e6fbb1-c242-41ab-9e56-17b8ac4b4ca7,Do you agree or disagree?,937,109,27,189,453,2,16,15,148,97,31,124,0,92,34,33,74,18,90,701,12,5,24,26,61,0,271,381,176,82,20,7,456,467,7,7,84,235,618,514,103,320,31,311,129,267,156,19,20,4,0,0,6,0,0,0,1,1,9,2,0,0,0,16,0,0,3,0,0,0,0,0,0,29,0,0,0,0,0,0,24,0,0,0,37,68,0,0,0,0,0,1,1,0,0,2,0,0,0,0,0,12,0,0,0,0,0,0,3,12,0,0,0,11,0,1,0,0,0,0,0,0,0,4,1,177,36,0,0,1,27,9,0,0,19,0,15,141,0,0,10,0,0,0,0,0,0,0,0,1,0,0,0,0,0,6,13,0,0,0,0,0,0,16,0,0,0,0,0,12,0,0,0,0,0,5,2,0,0,0,1,0,23,0,1,0,0,0,0,15,6,2,0,1,9,0,1,0,0,0,4,0,0,0,0,8,9,0,0,0,8,0,11,0,0,0,1,0,0,3,2,0,0,0,0,0,0,0,0,1,0,0,9,0,2,2,23,50,0,0,0,0,0,10,0,0,1,11,67,82,216,8,24,0,44,35
52e883fc-9719-40e2-bc12-ae84c4ac5b27,Please explain whether you agree or disagree and why.,937,109,27,189,453,2,16,15,148,97,31,124,0,92,34,33,74,18,90,701,12,5,24,26,61,0,271,381,176,82,20,7,456,467,7,7,84,235,618,514,103,320,31,311,129,267,156,19,20,4,0,0,6,0,0,0,1,1,9,2,0,0,0,16,0,0,3,0,0,0,0,0,0,29,0,0,0,0,0,0,24,0,0,0,37,68,0,0,0,0,0,1,1,0,0,2,0,0,0,0,0,12,0,0,0,0,0,0,3,12,0,0,0,11,0,1,0,0,0,0,0,0,0,4,1,177,36,0,0,1,27,9,0,0,19,0,15,141,0,0,10,0,0,0,0,0,0,0,0,1,0,0,0,0,0,6,13,0,0,0,0,0,0,16,0,0,0,0,0,12,0,0,0,0,0,5,2,0,0,0,1,0,23,0,1,0,0,0,0,15,6,2,0,1,9,0,1,0,0,0,4,0,0,0,0,8,9,0,0,0,8,0,11,0,0,0,1,0,0,3,2,0,0,0,0,0,0,0,0,1,0,0,9,0,2,2,23,50,0,0,0,0,0,10,0,0,1,11,67,82,216,8,24,0,44,35
b6c5e939-455a-4c81-a676-9be1bccaa582,Do you agree or disagree?,937,109,27,189,453,2,16,15,148,97,31,124,0,92,34,33,74,18,90,701,12,5,24,26,61,0,271,381,176,82,20,7,456,467,7,7,84,235,618,514,103,320,31,311,129,267,156,19,20,4,0,0,6,0,0,0,1,1,9,2,0,0,0,16,0,0,3,0,0,0,0,0,0,29,0,0,0,0,0,0,24,0,0,0,37,68,0,0,0,0,0,1,1,0,0,2,0,0,0,0,0,12,0,0,0,0,0,0,3,12,0,0,0,11,0,1,0,0,0,0,0,0,0,4,1,177,36,0,0,1,27,9,0,0,19,0,15,141,0,0,10,0,0,0,0,0,0,0,0,1,0,0,0,0,0,6,13,0,0,0,0,0,0,16,0,0,0,0,0,12,0,0,0,0,0,5,2,0,0,0,1,0,23,0,1,0,0,0,0,15,6,2,0,1,9,0,1,0,0,0,4,0,0,0,0,8,9,0,0,0,8,0,11,0,0,0,1,0,0,3,2,0,0,0,0,0,0,0,0,1,0,0,9,0,2,2,23,50,0,0,0,0,0,10,0,0,1,11,67,82,216,8,24,0,44,35
fc1af587-5ded-4cbb-920a-52bea75ac0d8,Please explain whether you agree or disagree and why.,937,109,27,189,453,2,16,15,148,97,31,124,0,92,34,33,74,18,90,701,12,5,24,26,61,0,271,381,176,82,20,7,456,467,7,7,84,235,618,514,103,320,31,311,129,267,156,19,20,4,0,0,6,0,0,0,1,1,9,2,0,0,0,16,0,0,3,0,0,0,0,0,0,29,0,0,0,0,0,0,24,0,0,0,37,68,0,0,0,0,0,1,1,0,0,2,0,0,0,0,0,12,0,0,0,0,0,0,3,12,0,0,0,11,0,1,0,0,0,0,0,0,0,4,1,177,36,0,0,1,27,9,0,0,19,0,15,141,0,0,10,0,0,0,0,0,0,0,0,1,0,0,0,0,0,6,13,0,0,0,0,0,0,16,0,0,0,0,0,12,0,0,0,0,0,5,2,0,0,0,1,0,23,0,1,0,0,0,0,15,6,2,0,1,9,0,1,0,0,0,4,0,0,0,0,8,9,0,0,0,8,0,11,0,0,0,1,0,0,3,2,0,0,0,0,0,0,0,0,1,0,0,9,0,2,2,23,50,0,0,0,0,0,10,0,0,1,11,67,82,216,8,24,0,44,35
ec5fd6c7-ba70-46c0-a5c7-75e4f75163de,Do you agree or disagree?,935,109,27,188,452,2,16,15,147,96,31,124,0,92,34,33,74,18,90,699,12,5,24,26,61,0,270,380,176,82,20,7,455,466,7,7,84,234,617,512,103,320,31,310,129,266,156,19,20,4,0,0,6,0,0,0,1,1,9,2,0,0,0,16,0,0,3,0,0,0,0,0,0,29,0,0,0,0,0,0,24,0,0,0,37,67,0,0,0,0,0,1,1,0,0,2,0,0,0,0,0,12,0,0,0,0,0,0,3,12,0,0,0,11,0,1,0,0,0,0,0,0,0,4,1,177,36,0,0,1,27,9,0,0,19,0,15,140,0,0,10,0,0,0,0,0,0,0,0,1,0,0,0,0,0,6,13,0,0,0,0,0,0,16,0,0,0,0,0,12,0,0,0,0,0,5,2,0,0,0,1,0,23,0,1,0,0,0,0,15,6,2,0,1,9,0,1,0,0,0,4,0,0,0,0,8,9,0,0,0,8,0,11,0,0,0,1,0,0,3,2,0,0,0,0,0,0,0,0,1,0,0,9,0,2,2,23,50,0,0,0,0,0,10,0,0,1,11,67,82,216,8,24,0,44,35
b665aaae-d02c-44f9-be26-70544d7beabe,Please explain whether you agree or disagree and why.,934,108,27,188,451,2,16,15,147,95,31,124,0,92,34,33,74,18,90,698,12,5,24,26,61,0,270,380,176,81,20,7,454,466,7,7,84,234,616,511,103,320,31,310,129,265,156,19,20,4,0,0,6,0,0,0,1,1,9,2,0,0,0,16,0,0,3,0,0,0,0,0,0,29,0,0,0,0,0,0,24,0,0,0,37,67,0,0,0,0,0,1,1,0,0,2,0,0,0,0,0,12,0,0,0,0,0,0,3,12,0,0,0,11,0,1,0,0,0,0,0,0,0,4,1,177,36,0,0,1,27,9,0,0,18,0,15,140,0,0,10,0,0,0,0,0,0,0,0,1,0,0,0,0,0,6,13,0,0,0,0,0,0,16,0,0,0,0,0,12,0,0,0,0,0,5,2,0,0,0,1,0,23,0,1,0,0,0,0,15,6,2,0,1,9,0,1,0,0,0,4,0,0,0,0,8,9,0,0,0,8,0,11,0,0,0,1,0,0,3,2,0,0,0,0,0,0,0,0,1,0,0,9,0,2,2,23,50,0,0,0,0,0,10,0,0,1,11,67,82,216,8,24,0,44,35
78975667-0a8d-452f-9569-c7447732ba49,"Do you feel you were able to fully express your views on your culture, your values, and what you want for the future in this conversation? (through what you responded and how you voted)",934,108,27,188,451,2,16,15,147,95,31,124,0,92,34,33,74,18,90,698,12,5,24,26,61,0,270,380,176,81,20,7,454,466,7,7,84,234,616,511,103,320,31,310,129,265,156,19,20,4,0,0,6,0,0,0,1,1,9,2,0,0,0,16,0,0,3,0,0,0,0,0,0,29,0,0,0,0,0,0,24,0,0,0,37,67,0,0,0,0,0,1,1,0,0,2,0,0,0,0,0,12,0,0,0,0,0,0,3,12,0,0,0,11,0,1,0,0,0,0,0,0,0,4,1,177,36,0,0,1,27,9,0,0,18,0,15,140,0,0,10,0,0,0,0,0,0,0,0,1,0,0,0,0,0,6,13,0,0,0,0,0,0,16,0,0,0,0,0,12,0,0,0,0,0,5,2,0,0,0,1,0,23,0,1,0,0,0,0,15,6,2,0,1,9,0,1,0,0,0,4,0,0,0,0,8,9,0,0,0,8,0,11,0,0,0,1,0,0,3,2,0,0,0,0,0,0,0,0,1,0,0,9,0,2,2,23,50,0,0,0,0,0,10,0,0,1,11,67,82,216,8,24,0,44,35
fb7e02bc-de8f-453d-bfcc-10feb179f4ce,Do you feel like you understand yourself better after participating in this conversation?,934,108,27,188,451,2,16,15,147,95,31,124,0,92,34,33,74,18,90,698,12,5,24,26,61,0,270,380,176,81,20,7,454,466,7,7,84,234,616,511,103,320,31,310,129,265,156,19,20,4,0,0,6,0,0,0,1,1,9,2,0,0,0,16,0,0,3,0,0,0,0,0,0,29,0,0,0,0,0,0,24,0,0,0,37,67,0,0,0,0,0,1,1,0,0,2,0,0,0,0,0,12,0,0,0,0,0,0,3,12,0,0,0,11,0,1,0,0,0,0,0,0,0,4,1,177,36,0,0,1,27,9,0,0,18,0,15,140,0,0,10,0,0,0,0,0,0,0,0,1,0,0,0,0,0,6,13,0,0,0,0,0,0,16,0,0,0,0,0,12,0,0,0,0,0,5,2,0,0,0,1,0,23,0,1,0,0,0,0,15,6,2,0,1,9,0,1,0,0,0,4,0,0,0,0,8,9,0,0,0,8,0,11,0,0,0,1,0,0,3,2,0,0,0,0,0,0,0,0,1,0,0,9,0,2,2,23,50,0,0,0,0,0,10,0,0,1,11,67,82,216,8,24,0,44,35
ded5e02c-b488-4fee-9487-552f965ca972,"Lastly, is there anything you felt you could not express in this conversation that you want to make sure the people working on this know?",934,108,27,188,451,2,16,15,147,95,31,124,0,92,34,33,74,18,90,698,12,5,24,26,61,0,270,380,176,81,20,7,454,466,7,7,84,234,616,511,103,320,31,310,129,265,156,19,20,4,0,0,6,0,0,0,1,1,9,2,0,0,0,16,0,0,3,0,0,0,0,0,0,29,0,0,0,0,0,0,24,0,0,0,37,67,0,0,0,0,0,1,1,0,0,2,0,0,0,0,0,12,0,0,0,0,0,0,3,12,0,0,0,11,0,1,0,0,0,0,0,0,0,4,1,177,36,0,0,1,27,9,0,0,18,0,15,140,0,0,10,0,0,0,0,0,0,0,0,1,0,0,0,0,0,6,13,0,0,0,0,0,0,16,0,0,0,0,0,12,0,0,0,0,0,5,2,0,0,0,1,0,23,0,1,0,0,0,0,15,6,2,0,1,9,0,1,0,0,0,4,0,0,0,0,8,9,0,0,0,8,0,11,0,0,0,1,0,0,3,2,0,0,0,0,0,0,0,0,1,0,0,9,0,2,2,23,50,0,0,0,0,0,10,0,0,1,11,67,82,216,8,24,0,44,35
